-- phpMyAdmin SQL Dump
-- version 5.2.1
-- https://www.phpmyadmin.net/
--
-- Servidor: 127.0.0.1
-- Tiempo de generaci칩n: 07-11-2025 a las 00:56:16
-- Versi칩n del servidor: 10.4.32-MariaDB
-- Versi칩n de PHP: 8.0.30

SET SQL_MODE = "NO_AUTO_VALUE_ON_ZERO";
START TRANSACTION;
SET time_zone = "+00:00";


/*!40101 SET @OLD_CHARACTER_SET_CLIENT=@@CHARACTER_SET_CLIENT */;
/*!40101 SET @OLD_CHARACTER_SET_RESULTS=@@CHARACTER_SET_RESULTS */;
/*!40101 SET @OLD_COLLATION_CONNECTION=@@COLLATION_CONNECTION */;
/*!40101 SET NAMES utf8mb4 */;

--
-- Base de datos: `axsfitt`
--

DELIMITER $$
--
-- Procedimientos
--
CREATE DEFINER=`root`@`localhost` PROCEDURE `sp_procesar_notificaciones_stock` ()   BEGIN
        DECLARE done INT DEFAULT FALSE;
        DECLARE v_faltante_id INT;
        DECLARE v_producto_nombre VARCHAR(255);
        DECLARE v_stock_actual INT;
        DECLARE v_stock_minimo INT;
        DECLARE v_faltante_cantidad INT;
        DECLARE v_contacto_id INT;
        DECLARE v_contacto_email VARCHAR(255);
        DECLARE v_contacto_nombre VARCHAR(255);
        DECLARE v_asunto VARCHAR(255);
        DECLARE v_mensaje TEXT;
        
        -- Cursor para faltantes
        DECLARE faltantes_cursor CURSOR FOR 
            SELECT faltante_id, producto_nombre, stock_actual, stock_minimo, faltante_cantidad_faltante
            FROM v_faltantes_notificacion
            WHERE faltante_estado = 'detectado';
            
        -- Cursor para contactos activos
        DECLARE contactos_cursor CURSOR FOR
            SELECT contacto_id, contacto_email, contacto_nombre
            FROM notificaciones_contactos 
            WHERE contacto_activo = 1;
            
        DECLARE CONTINUE HANDLER FOR NOT FOUND SET done = TRUE;
        
        -- Abrir cursor de faltantes
        OPEN faltantes_cursor;
        
        faltantes_loop: LOOP
            FETCH faltantes_cursor INTO v_faltante_id, v_producto_nombre, v_stock_actual, v_stock_minimo, v_faltante_cantidad;
            
            IF done THEN
                LEAVE faltantes_loop;
            END IF;
            
            -- Preparar mensaje
            SET v_asunto = CONCAT('ALERTA: Stock bajo - ', v_producto_nombre);
            SET v_mensaje = CONCAT(
                'Se ha detectado stock bajo en el siguiente producto:', CHAR(10), CHAR(10),
                'Producto: ', v_producto_nombre, CHAR(10),
                'Stock actual: ', v_stock_actual, CHAR(10),
                'Stock m칤nimo: ', v_stock_minimo, CHAR(10),
                'Cantidad faltante: ', v_faltante_cantidad, CHAR(10), CHAR(10),
                'Se recomienda realizar un pedido lo antes posible.', CHAR(10), CHAR(10),
                'Sistema de Gesti칩n AXSFITT'
            );
            
            -- Insertar notificaciones para cada contacto
            SET done = FALSE;
            OPEN contactos_cursor;
            
            contactos_loop: LOOP
                FETCH contactos_cursor INTO v_contacto_id, v_contacto_email, v_contacto_nombre;
                
                IF done THEN
                    LEAVE contactos_loop;
                END IF;
                
                -- Insertar en tabla de notificaciones para env칤o
                INSERT INTO notificaciones_pendientes (
                    tipo_notificacion,
                    destinatario_email,
                    destinatario_nombre,
                    asunto,
                    mensaje,
                    faltante_id,
                    fecha_creacion,
                    estado
                ) VALUES (
                    'email',
                    v_contacto_email,
                    v_contacto_nombre,
                    v_asunto,
                    v_mensaje,
                    v_faltante_id,
                    NOW(),
                    'pendiente'
                );
                
            END LOOP contactos_loop;
            CLOSE contactos_cursor;
            SET done = FALSE;
            
            -- Marcar faltante como procesado para notificaciones
            UPDATE faltantes 
            SET faltante_estado = 'registrado'
            WHERE faltante_id = v_faltante_id;
            
        END LOOP faltantes_loop;
        CLOSE faltantes_cursor;
        
        -- Retornar estad칤sticas
        SELECT 
            (SELECT COUNT(*) FROM notificaciones_pendientes WHERE estado = 'pendiente') as notificaciones_creadas,
            (SELECT COUNT(*) FROM faltantes WHERE faltante_estado = 'registrado') as faltantes_procesados;
            
    END$$

DELIMITER ;

-- --------------------------------------------------------

--
-- Estructura de tabla para la tabla `atributos`
--

CREATE TABLE `atributos` (
  `atributo_id` int(10) UNSIGNED NOT NULL,
  `producto_id` int(10) UNSIGNED NOT NULL,
  `atributo_nombre` varchar(100) NOT NULL
) ENGINE=InnoDB DEFAULT CHARSET=utf8mb4 COLLATE=utf8mb4_general_ci;

--
-- Volcado de datos para la tabla `atributos`
--

INSERT INTO `atributos` (`atributo_id`, `producto_id`, `atributo_nombre`) VALUES
(1, 1, 'Sabor');

-- --------------------------------------------------------

--
-- Estructura de tabla para la tabla `categorias`
--

CREATE TABLE `categorias` (
  `categoria_id` int(10) UNSIGNED NOT NULL,
  `categoria_padre_id` int(10) UNSIGNED DEFAULT NULL,
  `categoria_nombre` varchar(100) NOT NULL,
  `categoria_descripcion` text DEFAULT NULL,
  `categoria_orden` int(10) UNSIGNED NOT NULL DEFAULT 0
) ENGINE=InnoDB DEFAULT CHARSET=utf8mb4 COLLATE=utf8mb4_general_ci;

--
-- Volcado de datos para la tabla `categorias`
--

INSERT INTO `categorias` (`categoria_id`, `categoria_padre_id`, `categoria_nombre`, `categoria_descripcion`, `categoria_orden`) VALUES
(1, NULL, 'Prote칤nas', NULL, 1),
(2, NULL, 'Creatinas', NULL, 2),
(3, 1, 'Star', NULL, 1),
(4, 2, 'Star', NULL, 1);

-- --------------------------------------------------------

--
-- Estructura de tabla para la tabla `clientes`
--

CREATE TABLE `clientes` (
  `cliente_id` int(10) UNSIGNED NOT NULL,
  `persona_id` int(10) UNSIGNED NOT NULL,
  `cliente_email` varchar(100) DEFAULT NULL,
  `cliente_password` varchar(255) DEFAULT NULL,
  `cliente_google_id` varchar(255) DEFAULT NULL,
  `cliente_fecha_alta` timestamp NOT NULL DEFAULT current_timestamp(),
  `cliente_fecha_baja` timestamp NULL DEFAULT NULL
) ENGINE=InnoDB DEFAULT CHARSET=utf8mb4 COLLATE=utf8mb4_general_ci;

--
-- Volcado de datos para la tabla `clientes`
--

INSERT INTO `clientes` (`cliente_id`, `persona_id`, `cliente_email`, `cliente_password`, `cliente_google_id`, `cliente_fecha_alta`, `cliente_fecha_baja`) VALUES
(1, 2, 'pedro@gmail.com', NULL, NULL, '2025-11-06 22:00:12', NULL);

-- --------------------------------------------------------

--
-- Estructura de tabla para la tabla `combos`
--

CREATE TABLE `combos` (
  `combo_id` int(10) UNSIGNED NOT NULL,
  `combo_nombre` varchar(100) NOT NULL,
  `combo_descripcion` text DEFAULT NULL,
  `combo_precio` decimal(10,2) NOT NULL,
  `combo_imagen` varchar(255) DEFAULT NULL,
  `combo_activo` tinyint(1) DEFAULT 1
) ENGINE=InnoDB DEFAULT CHARSET=utf8mb4 COLLATE=utf8mb4_general_ci;

-- --------------------------------------------------------

--
-- Estructura de tabla para la tabla `combos_productos`
--

CREATE TABLE `combos_productos` (
  `cp_id` int(10) UNSIGNED NOT NULL,
  `cp_combo_id` int(10) UNSIGNED NOT NULL,
  `cp_producto_id` int(10) UNSIGNED DEFAULT NULL,
  `cp_variante_id` int(10) UNSIGNED DEFAULT NULL
) ENGINE=InnoDB DEFAULT CHARSET=utf8mb4 COLLATE=utf8mb4_general_ci;

-- --------------------------------------------------------

--
-- Estructura de tabla para la tabla `cupones`
--

CREATE TABLE `cupones` (
  `cupon_id` int(10) UNSIGNED NOT NULL,
  `cupon_codigo` varchar(50) NOT NULL,
  `cupon_descripcion` varchar(255) DEFAULT NULL,
  `cupon_descuento_porcentaje` decimal(5,2) NOT NULL COMMENT 'Ej: 15.00 para 15%',
  `cupon_fecha_inicio` date DEFAULT NULL,
  `cupon_fecha_fin` date DEFAULT NULL,
  `cupon_uso_maximo` int(10) UNSIGNED DEFAULT NULL COMMENT 'Cantidad m치xima de usos',
  `cupon_uso_actual` int(10) UNSIGNED DEFAULT 0,
  `cupon_activo` tinyint(1) DEFAULT 1
) ENGINE=InnoDB DEFAULT CHARSET=utf8mb4 COLLATE=utf8mb4_general_ci;

-- --------------------------------------------------------

--
-- Estructura de tabla para la tabla `datos_envio`
--

CREATE TABLE `datos_envio` (
  `envio_id` int(10) UNSIGNED NOT NULL,
  `cliente_id` int(10) UNSIGNED NOT NULL,
  `env_calle` varchar(150) NOT NULL,
  `env_numero` varchar(20) NOT NULL,
  `env_cp` varchar(10) NOT NULL,
  `env_piso` varchar(10) DEFAULT NULL,
  `env_depto` varchar(10) DEFAULT NULL,
  `env_ciudad` varchar(100) NOT NULL,
  `env_provincia` varchar(100) NOT NULL,
  `envio_predeterminado` tinyint(1) DEFAULT 0
) ENGINE=InnoDB DEFAULT CHARSET=utf8mb4 COLLATE=utf8mb4_general_ci;

-- --------------------------------------------------------

--
-- Estructura de tabla para la tabla `envios_invitados`
--

CREATE TABLE `envios_invitados` (
  `envio_invitado_id` int(10) UNSIGNED NOT NULL,
  `venta_id` int(10) UNSIGNED NOT NULL,
  `envinv_nombre` varchar(60) NOT NULL,
  `envinv_apellido` varchar(60) NOT NULL,
  `envinv_email` varchar(100) NOT NULL,
  `envinv_telefono` varchar(20) DEFAULT NULL,
  `envinv_calle` varchar(150) NOT NULL,
  `envinv_numero` varchar(20) NOT NULL,
  `envinv_cp` varchar(10) NOT NULL,
  `envinv_piso` varchar(10) DEFAULT NULL,
  `envinv_depto` varchar(10) DEFAULT NULL,
  `envinv_ciudad` varchar(100) NOT NULL,
  `envinv_provincia` varchar(100) NOT NULL
) ENGINE=InnoDB DEFAULT CHARSET=utf8mb4 COLLATE=utf8mb4_general_ci;

-- --------------------------------------------------------

--
-- Estructura de tabla para la tabla `estados_usuarios`
--

CREATE TABLE `estados_usuarios` (
  `estado_usuario_id` int(10) UNSIGNED NOT NULL,
  `estado_usuario_nombre` varchar(50) DEFAULT NULL
) ENGINE=InnoDB DEFAULT CHARSET=utf8mb4 COLLATE=utf8mb4_general_ci;

--
-- Volcado de datos para la tabla `estados_usuarios`
--

INSERT INTO `estados_usuarios` (`estado_usuario_id`, `estado_usuario_nombre`) VALUES
(1, 'Activo');

-- --------------------------------------------------------

--
-- Estructura de tabla para la tabla `faltantes`
--

CREATE TABLE `faltantes` (
  `faltante_id` int(10) UNSIGNED NOT NULL,
  `faltante_producto_id` int(10) UNSIGNED DEFAULT NULL,
  `faltante_variante_id` int(10) UNSIGNED DEFAULT NULL,
  `faltante_fecha_deteccion` timestamp NOT NULL DEFAULT current_timestamp(),
  `faltante_cantidad_original` int(10) UNSIGNED NOT NULL,
  `faltante_cantidad_faltante` int(10) UNSIGNED NOT NULL,
  `faltante_cantidad_solicitada` int(10) UNSIGNED DEFAULT 0,
  `faltante_estado` enum('detectado','registrado','solicitado_parcial','solicitado_completo','pedido_generado','en_transito','resuelto') DEFAULT 'detectado',
  `faltante_pedido_id` int(10) UNSIGNED DEFAULT NULL,
  `faltante_resuelto` tinyint(1) DEFAULT 0
) ENGINE=InnoDB DEFAULT CHARSET=utf8mb4 COLLATE=utf8mb4_general_ci;

--
-- Volcado de datos para la tabla `faltantes`
--

INSERT INTO `faltantes` (`faltante_id`, `faltante_producto_id`, `faltante_variante_id`, `faltante_fecha_deteccion`, `faltante_cantidad_original`, `faltante_cantidad_faltante`, `faltante_cantidad_solicitada`, `faltante_estado`, `faltante_pedido_id`, `faltante_resuelto`) VALUES
(1, NULL, 2, '2025-11-06 22:00:12', 5, 1, 0, 'resuelto', NULL, 1),
(3, NULL, 2, '2025-11-06 22:17:16', 4, 2, 0, 'resuelto', NULL, 1);

-- --------------------------------------------------------

--
-- Estructura de tabla para la tabla `imagenes_productos`
--

CREATE TABLE `imagenes_productos` (
  `imagen_id` int(10) UNSIGNED NOT NULL,
  `producto_id` int(10) UNSIGNED NOT NULL,
  `imagen_url` varchar(255) NOT NULL,
  `imagen_orden` int(10) UNSIGNED NOT NULL
) ENGINE=InnoDB DEFAULT CHARSET=utf8mb4 COLLATE=utf8mb4_general_ci;

--
-- Volcado de datos para la tabla `imagenes_productos`
--

INSERT INTO `imagenes_productos` (`imagen_id`, `producto_id`, `imagen_url`, `imagen_orden`) VALUES
(8, 2, '/uploads/1758302581230-978212042-15.png', 0),
(9, 2, '/uploads/1758302581238-272173220-16.png', 1),
(10, 1, '/uploads/1758302499461-79695005-1.png', 0),
(11, 1, '/uploads/1758302499473-419007522-2.png', 1),
(12, 1, '/uploads/1758302499482-797443712-4.png', 2);

-- --------------------------------------------------------

--
-- Estructura de tabla para la tabla `imagenes_temporales`
--

CREATE TABLE `imagenes_temporales` (
  `imagen_id` int(10) UNSIGNED NOT NULL,
  `usuario_id` int(10) UNSIGNED NOT NULL,
  `imagen_url` varchar(255) NOT NULL,
  `imagen_orden` int(10) UNSIGNED NOT NULL,
  `fecha_subida` timestamp NOT NULL DEFAULT current_timestamp()
) ENGINE=InnoDB DEFAULT CHARSET=utf8mb4 COLLATE=utf8mb4_general_ci;

-- --------------------------------------------------------

--
-- Estructura de tabla para la tabla `modulos`
--

CREATE TABLE `modulos` (
  `modulo_id` int(10) UNSIGNED NOT NULL,
  `modulo_padre_id` int(10) UNSIGNED DEFAULT NULL,
  `modulo_descripcion` varchar(50) DEFAULT NULL
) ENGINE=InnoDB DEFAULT CHARSET=utf8mb4 COLLATE=utf8mb4_general_ci;

--
-- Volcado de datos para la tabla `modulos`
--

INSERT INTO `modulos` (`modulo_id`, `modulo_padre_id`, `modulo_descripcion`) VALUES
(1, NULL, 'Administraci칩n del Sistema'),
(2, 1, 'Usuarios'),
(3, 1, 'Perfiles'),
(4, NULL, 'Productos'),
(5, 4, 'Stock'),
(6, NULL, 'Gesti칩n de ventas'),
(7, 6, 'Clientes');

-- --------------------------------------------------------

--
-- Estructura de tabla para la tabla `notificaciones_config`
--

CREATE TABLE `notificaciones_config` (
  `config_id` int(10) UNSIGNED NOT NULL,
  `config_tipo` enum('email','whatsapp','sms') NOT NULL,
  `config_activo` tinyint(1) DEFAULT 1,
  `config_destinatarios` longtext CHARACTER SET utf8mb4 COLLATE utf8mb4_bin NOT NULL CHECK (json_valid(`config_destinatarios`)),
  `config_template` text DEFAULT NULL,
  `config_umbral_notificacion` int(10) UNSIGNED DEFAULT 1,
  `config_frecuencia_horas` int(10) UNSIGNED DEFAULT 24,
  `config_fecha_creacion` timestamp NOT NULL DEFAULT current_timestamp(),
  `config_fecha_actualizacion` timestamp NOT NULL DEFAULT current_timestamp() ON UPDATE current_timestamp(),
  `config_frecuencia` enum('inmediata','diaria','semanal') DEFAULT 'inmediata',
  `config_hora_envio` time DEFAULT '09:00:00',
  `config_dias_semana` longtext CHARACTER SET utf8mb4 COLLATE utf8mb4_bin DEFAULT '["1"]' COMMENT 'Array de d칤as de la semana (1=Lunes, 7=Domingo)' CHECK (json_valid(`config_dias_semana`)),
  `config_umbral_cantidad` int(11) DEFAULT 5 COMMENT 'Cantidad m칤nima para generar notificaci칩n',
  `config_plantilla_personalizada` text DEFAULT NULL COMMENT 'Plantilla personalizada de mensaje'
) ENGINE=InnoDB DEFAULT CHARSET=utf8mb4 COLLATE=utf8mb4_general_ci;

--
-- Volcado de datos para la tabla `notificaciones_config`
--

INSERT INTO `notificaciones_config` (`config_id`, `config_tipo`, `config_activo`, `config_destinatarios`, `config_template`, `config_umbral_notificacion`, `config_frecuencia_horas`, `config_fecha_creacion`, `config_fecha_actualizacion`, `config_frecuencia`, `config_hora_envio`, `config_dias_semana`, `config_umbral_cantidad`, `config_plantilla_personalizada`) VALUES
(1, 'email', 1, '[\"fabricio.gomez4371@gmail.com\"]', '游뚿 ALERTA DE STOCK BAJO - AXSFITT\n\nSe han detectado productos con stock por debajo del m칤nimo.\n\nPor favor, revise el sistema y genere los pedidos correspondientes.', 1, 6, '2025-11-06 18:28:41', '2025-11-06 21:56:13', 'inmediata', '09:00:00', '[\"1\",\"2\",\"3\",\"4\",\"5\"]', 5, NULL);

-- --------------------------------------------------------

--
-- Estructura de tabla para la tabla `notificaciones_contactos`
--

CREATE TABLE `notificaciones_contactos` (
  `contacto_id` int(11) NOT NULL,
  `contacto_nombre` varchar(100) NOT NULL,
  `contacto_email` varchar(255) DEFAULT NULL,
  `contacto_telefono` varchar(20) DEFAULT NULL,
  `contacto_activo` tinyint(1) DEFAULT 1,
  `contacto_tipo` enum('email','whatsapp','ambos') DEFAULT 'email',
  `fecha_creacion` timestamp NOT NULL DEFAULT current_timestamp(),
  `fecha_modificacion` timestamp NOT NULL DEFAULT current_timestamp() ON UPDATE current_timestamp(),
  `contacto_avatar` varchar(255) DEFAULT NULL COMMENT 'URL del avatar del contacto'
) ENGINE=InnoDB DEFAULT CHARSET=utf8mb4 COLLATE=utf8mb4_general_ci;

--
-- Volcado de datos para la tabla `notificaciones_contactos`
--

INSERT INTO `notificaciones_contactos` (`contacto_id`, `contacto_nombre`, `contacto_email`, `contacto_telefono`, `contacto_activo`, `contacto_tipo`, `fecha_creacion`, `fecha_modificacion`, `contacto_avatar`) VALUES
(5, 'fabricio gomez', 'fabricio.gomez4371@gmail.com', '', 1, 'email', '2025-11-06 21:29:05', '2025-11-06 21:55:14', NULL),
(7, 'Pedro Martinez', 'pedro.martinez@empresa.com', '+5491187654321', 1, 'email', '2025-11-06 21:37:10', '2025-11-06 21:52:40', NULL),
(8, 'Ana Rodriguez', 'ana.rodriguez@empresa.com', '+5491123456789', 1, 'whatsapp', '2025-11-06 21:37:10', '2025-11-06 21:37:10', NULL);

-- --------------------------------------------------------

--
-- Estructura de tabla para la tabla `notificaciones_pendientes`
--

CREATE TABLE `notificaciones_pendientes` (
  `id` int(11) NOT NULL,
  `tipo_notificacion` enum('email','whatsapp') NOT NULL,
  `destinatario_email` varchar(255) DEFAULT NULL,
  `destinatario_nombre` varchar(255) DEFAULT NULL,
  `destinatario_telefono` varchar(20) DEFAULT NULL,
  `asunto` varchar(255) DEFAULT NULL,
  `mensaje` text DEFAULT NULL,
  `faltante_id` int(11) DEFAULT NULL,
  `fecha_creacion` timestamp NOT NULL DEFAULT current_timestamp(),
  `fecha_envio` timestamp NULL DEFAULT NULL,
  `estado` enum('pendiente','enviado','error') DEFAULT 'pendiente',
  `error_mensaje` text DEFAULT NULL
) ENGINE=InnoDB DEFAULT CHARSET=utf8mb4 COLLATE=utf8mb4_general_ci;

--
-- Volcado de datos para la tabla `notificaciones_pendientes`
--

INSERT INTO `notificaciones_pendientes` (`id`, `tipo_notificacion`, `destinatario_email`, `destinatario_nombre`, `destinatario_telefono`, `asunto`, `mensaje`, `faltante_id`, `fecha_creacion`, `fecha_envio`, `estado`, `error_mensaje`) VALUES
(1, 'email', 'fabricio.gomez4371@gmail.com', 'fabricio gomez', NULL, 'ALERTA: Stock bajo - Whey Protein  (ID: 2)', 'Se ha detectado stock bajo en el siguiente producto:\n\nProducto: Whey Protein  (ID: 2)\nStock actual: 5\nStock m칤nimo: 6\nCantidad faltante: 1\n\nSe recomienda realizar un pedido lo antes posible.\n\nSistema de Gesti칩n AXSFITT', 1, '2025-11-06 22:15:16', NULL, 'pendiente', NULL),
(2, 'email', 'pedro.martinez@empresa.com', 'Pedro Martinez', NULL, 'ALERTA: Stock bajo - Whey Protein  (ID: 2)', 'Se ha detectado stock bajo en el siguiente producto:\n\nProducto: Whey Protein  (ID: 2)\nStock actual: 5\nStock m칤nimo: 6\nCantidad faltante: 1\n\nSe recomienda realizar un pedido lo antes posible.\n\nSistema de Gesti칩n AXSFITT', 1, '2025-11-06 22:15:16', NULL, 'pendiente', NULL),
(3, 'email', 'ana.rodriguez@empresa.com', 'Ana Rodriguez', NULL, 'ALERTA: Stock bajo - Whey Protein  (ID: 2)', 'Se ha detectado stock bajo en el siguiente producto:\n\nProducto: Whey Protein  (ID: 2)\nStock actual: 5\nStock m칤nimo: 6\nCantidad faltante: 1\n\nSe recomienda realizar un pedido lo antes posible.\n\nSistema de Gesti칩n AXSFITT', 1, '2025-11-06 22:15:16', NULL, 'pendiente', NULL);

-- --------------------------------------------------------

--
-- Estructura de tabla para la tabla `pedidos`
--

CREATE TABLE `pedidos` (
  `pedido_id` int(10) UNSIGNED NOT NULL,
  `pedido_proveedor_id` int(10) UNSIGNED NOT NULL,
  `pedido_usuario_id` int(10) UNSIGNED NOT NULL,
  `pedido_fecha_pedido` timestamp NOT NULL DEFAULT current_timestamp(),
  `pedido_fecha_esperada_entrega` date DEFAULT NULL,
  `pedido_fecha_entrega_real` date DEFAULT NULL,
  `pedido_estado` enum('pendiente','enviado','modificado','parcial','completo','cancelado') DEFAULT 'pendiente',
  `pedido_observaciones` text DEFAULT NULL,
  `pedido_total` decimal(10,2) DEFAULT NULL,
  `pedido_descuento` decimal(10,2) DEFAULT 0.00,
  `pedido_costo_envio` decimal(10,2) DEFAULT 0.00
) ENGINE=InnoDB DEFAULT CHARSET=utf8mb4 COLLATE=utf8mb4_general_ci;

--
-- Volcado de datos para la tabla `pedidos`
--

INSERT INTO `pedidos` (`pedido_id`, `pedido_proveedor_id`, `pedido_usuario_id`, `pedido_fecha_pedido`, `pedido_fecha_esperada_entrega`, `pedido_fecha_entrega_real`, `pedido_estado`, `pedido_observaciones`, `pedido_total`, `pedido_descuento`, `pedido_costo_envio`) VALUES
(1, 2, 1, '2025-09-19 17:27:38', '2025-09-21', NULL, 'pendiente', NULL, 285000.00, 5.00, 10000.00);

-- --------------------------------------------------------

--
-- Estructura de tabla para la tabla `pedidos_borrador_producto`
--

CREATE TABLE `pedidos_borrador_producto` (
  `pbp_id` int(10) UNSIGNED NOT NULL,
  `pbp_pedido_id` int(10) UNSIGNED NOT NULL,
  `pbp_nombre` varchar(255) NOT NULL,
  `pbp_atributos` longtext CHARACTER SET utf8mb4 COLLATE utf8mb4_bin DEFAULT NULL CHECK (json_valid(`pbp_atributos`)),
  `pbp_variantes` longtext CHARACTER SET utf8mb4 COLLATE utf8mb4_bin DEFAULT NULL CHECK (json_valid(`pbp_variantes`)),
  `pbp_cantidad` int(10) UNSIGNED NOT NULL DEFAULT 1,
  `pbp_precio_unitario` decimal(10,2) NOT NULL DEFAULT 0.00,
  `pbp_subtotal` decimal(10,2) GENERATED ALWAYS AS (`pbp_cantidad` * `pbp_precio_unitario`) STORED,
  `pbp_estado` enum('borrador','registrado') DEFAULT 'borrador',
  `pbp_fecha_creacion` timestamp NOT NULL DEFAULT current_timestamp(),
  `pbp_fecha_actualizacion` timestamp NOT NULL DEFAULT current_timestamp() ON UPDATE current_timestamp()
) ENGINE=InnoDB DEFAULT CHARSET=utf8mb4 COLLATE=utf8mb4_general_ci;

--
-- Volcado de datos para la tabla `pedidos_borrador_producto`
--

INSERT INTO `pedidos_borrador_producto` (`pbp_id`, `pbp_pedido_id`, `pbp_nombre`, `pbp_atributos`, `pbp_variantes`, `pbp_cantidad`, `pbp_precio_unitario`, `pbp_estado`, `pbp_fecha_creacion`, `pbp_fecha_actualizacion`) VALUES
(1, 1, 'Whey Pro 2.0 Nutrilab', 'null', '[]', 10, 8500.00, 'borrador', '2025-09-19 17:27:38', '2025-09-19 17:27:38');

-- --------------------------------------------------------

--
-- Estructura de tabla para la tabla `pedidos_detalle`
--

CREATE TABLE `pedidos_detalle` (
  `pd_id` int(10) UNSIGNED NOT NULL,
  `pd_pedido_id` int(10) UNSIGNED NOT NULL,
  `pd_producto_id` int(10) UNSIGNED DEFAULT NULL,
  `pd_variante_id` int(10) UNSIGNED DEFAULT NULL,
  `pd_cantidad_pedida` int(10) UNSIGNED NOT NULL,
  `pd_cantidad_recibida` int(10) UNSIGNED DEFAULT 0,
  `pd_precio_unitario` decimal(10,2) DEFAULT NULL,
  `pd_subtotal` decimal(10,2) DEFAULT NULL
) ENGINE=InnoDB DEFAULT CHARSET=utf8mb4 COLLATE=utf8mb4_general_ci;

--
-- Volcado de datos para la tabla `pedidos_detalle`
--

INSERT INTO `pedidos_detalle` (`pd_id`, `pd_pedido_id`, `pd_producto_id`, `pd_variante_id`, `pd_cantidad_pedida`, `pd_cantidad_recibida`, `pd_precio_unitario`, `pd_subtotal`) VALUES
(1, 1, NULL, 1, 3, 0, 21000.00, NULL),
(2, 1, NULL, 2, 2, 0, 21000.00, NULL);

-- --------------------------------------------------------

--
-- Estructura de tabla para la tabla `pedidos_modificaciones`
--

CREATE TABLE `pedidos_modificaciones` (
  `pm_id` int(10) UNSIGNED NOT NULL,
  `pm_pedido_id` int(10) UNSIGNED NOT NULL,
  `pm_usuario_id` int(10) UNSIGNED NOT NULL,
  `pm_fecha_modificacion` timestamp NOT NULL DEFAULT current_timestamp(),
  `pm_motivo` text NOT NULL,
  `pm_detalle_anterior` longtext CHARACTER SET utf8mb4 COLLATE utf8mb4_bin NOT NULL CHECK (json_valid(`pm_detalle_anterior`)),
  `pm_detalle_nuevo` longtext CHARACTER SET utf8mb4 COLLATE utf8mb4_bin NOT NULL CHECK (json_valid(`pm_detalle_nuevo`))
) ENGINE=InnoDB DEFAULT CHARSET=utf8mb4 COLLATE=utf8mb4_general_ci;

-- --------------------------------------------------------

--
-- Estructura de tabla para la tabla `perfiles`
--

CREATE TABLE `perfiles` (
  `perfil_id` int(10) UNSIGNED NOT NULL,
  `perfil_descripcion` varchar(50) DEFAULT NULL,
  `perfil_estado` enum('activo','inactivo') DEFAULT 'activo'
) ENGINE=InnoDB DEFAULT CHARSET=utf8mb4 COLLATE=utf8mb4_general_ci;

--
-- Volcado de datos para la tabla `perfiles`
--

INSERT INTO `perfiles` (`perfil_id`, `perfil_descripcion`, `perfil_estado`) VALUES
(1, 'Super Administrador', 'activo');

-- --------------------------------------------------------

--
-- Estructura de tabla para la tabla `perfiles_modulos_permisos`
--

CREATE TABLE `perfiles_modulos_permisos` (
  `pmp_id` int(10) UNSIGNED NOT NULL,
  `perfil_id` int(10) UNSIGNED NOT NULL,
  `modulo_id` int(10) UNSIGNED NOT NULL,
  `permiso_id` int(10) UNSIGNED NOT NULL
) ENGINE=InnoDB DEFAULT CHARSET=utf8mb4 COLLATE=utf8mb4_general_ci;

--
-- Volcado de datos para la tabla `perfiles_modulos_permisos`
--

INSERT INTO `perfiles_modulos_permisos` (`pmp_id`, `perfil_id`, `modulo_id`, `permiso_id`) VALUES
(1, 1, 1, 1),
(2, 1, 1, 2),
(3, 1, 2, 3),
(4, 1, 2, 4),
(5, 1, 2, 5),
(6, 1, 2, 6),
(7, 1, 2, 7),
(8, 1, 3, 8),
(9, 1, 3, 9),
(10, 1, 3, 10),
(11, 1, 3, 11),
(12, 1, 4, 12),
(13, 1, 4, 13),
(14, 1, 4, 14),
(15, 1, 4, 15),
(16, 1, 4, 16),
(17, 1, 4, 17),
(18, 1, 4, 18),
(19, 1, 4, 19),
(20, 1, 4, 20),
(21, 1, 5, 21),
(22, 1, 5, 22),
(23, 1, 5, 23),
(24, 1, 5, 24),
(25, 1, 5, 25),
(26, 1, 5, 26),
(27, 1, 5, 27),
(28, 1, 5, 28),
(29, 1, 5, 29),
(30, 1, 5, 30),
(31, 1, 5, 31),
(32, 1, 5, 32),
(33, 1, 5, 33),
(34, 1, 5, 34),
(35, 1, 5, 35),
(36, 1, 5, 36),
(37, 1, 5, 37),
(38, 1, 5, 38),
(39, 1, 5, 39),
(40, 1, 5, 40),
(41, 1, 5, 41),
(42, 1, 5, 42),
(43, 1, 5, 43),
(44, 1, 5, 44),
(45, 1, 6, 45),
(46, 1, 6, 46),
(47, 1, 6, 47),
(48, 1, 6, 48),
(49, 1, 7, 49),
(50, 1, 7, 50),
(51, 1, 7, 51),
(52, 1, 7, 52);

-- --------------------------------------------------------

--
-- Estructura de tabla para la tabla `permisos`
--

CREATE TABLE `permisos` (
  `permiso_id` int(10) UNSIGNED NOT NULL,
  `modulo_id` int(10) UNSIGNED NOT NULL,
  `permiso_descripcion` varchar(50) DEFAULT NULL,
  `permiso_ruta` varchar(100) DEFAULT NULL,
  `permiso_visible_menu` tinyint(1) DEFAULT 0
) ENGINE=InnoDB DEFAULT CHARSET=utf8mb4 COLLATE=utf8mb4_general_ci;

--
-- Volcado de datos para la tabla `permisos`
--

INSERT INTO `permisos` (`permiso_id`, `modulo_id`, `permiso_descripcion`, `permiso_ruta`, `permiso_visible_menu`) VALUES
(1, 1, 'Ver Modulos', '/admin/modulos', 1),
(2, 1, 'Modificar Modulo', NULL, 0),
(3, 2, 'Agregar Usuario', '/admin/usuarios/agregar', 1),
(4, 2, 'Ver Usuarios', '/admin/usuarios', 1),
(5, 2, 'Modificar Usuario', NULL, 0),
(6, 2, 'Eliminar Usuario', NULL, 0),
(7, 2, 'Asignar Perfil', NULL, 0),
(8, 3, 'Agregar Perfil', '/admin/perfiles/agregar', 1),
(9, 3, 'Ver Perfiles', '/admin/perfiles', 1),
(10, 3, 'Modificar Perfil', NULL, 0),
(11, 3, 'Eliminar Perfil', NULL, 0),
(12, 4, 'Ver Categorias', '/productos/categorias', 1),
(13, 4, 'Agregar Categoria', NULL, 0),
(14, 4, 'Modificar Categoria', NULL, 0),
(15, 4, 'Eliminar Categoria', NULL, 0),
(16, 4, 'Agregar Producto', '/productos/agregar', 1),
(17, 4, 'Definir Precio Producto', '/productos/definir-precio', 0),
(18, 4, 'Modificar Producto', NULL, 0),
(19, 4, 'Eliminar Producto', NULL, 0),
(20, 4, 'Ver Productos', '/productos', 1),
(21, 5, 'Gestionar Stock', '/productos/stock', 1),
(22, 5, 'Establecer Stock', NULL, 0),
(23, 5, 'Ajustar Stock', NULL, 0),
(24, 5, 'Ver Movimientos de Stock', NULL, 0),
(25, 5, 'Ver Lista de Faltantes', '/productos/faltantes', 1),
(26, 5, 'Registrar Faltante', NULL, 0),
(27, 5, 'Resolver Faltante', NULL, 0),
(28, 5, 'Solicitar Reposici칩n', NULL, 0),
(29, 5, 'Gestionar Pedidos', '/productos/pedidos', 1),
(30, 5, 'Crear Pedido', NULL, 0),
(31, 5, 'Modificar Pedido', NULL, 0),
(32, 5, 'Recibir Pedido', NULL, 0),
(33, 5, 'Cancelar Pedido', NULL, 0),
(34, 5, 'Ver Hist칩rico Modificaciones', NULL, 0),
(35, 5, 'Actualizar Precios en Recepci칩n', NULL, 0),
(36, 5, 'Gestionar Proveedores', '/productos/proveedores', 1),
(37, 5, 'Agregar Proveedor', NULL, 0),
(38, 5, 'Modificar Proveedor', NULL, 0),
(39, 5, 'Eliminar Proveedor', NULL, 0),
(40, 5, 'Reportes de Stock', '/productos/reportes', 1),
(41, 5, 'Ver Movimientos Hist칩ricos', NULL, 0),
(42, 5, 'An치lisis de Proveedores', NULL, 0),
(43, 5, 'Ver Hist칩rico de Precios', NULL, 0),
(44, 5, 'An치lisis de Ganancias y P칠rdidas', NULL, 0),
(45, 6, 'Listado de Ventas', '/ventas', 1),
(46, 6, 'Modificar Venta', NULL, 0),
(47, 6, 'Agregar Venta', '/ventas/agregar', 1),
(48, 6, 'Metricas', '/ventas/metricas', 1),
(49, 7, 'Agregar Cliente', '/ventas/clientes/agregar', 1),
(50, 7, 'Ver Clientes', '/ventas/clientes', 1),
(51, 7, 'Modificar Cliente', NULL, 0),
(52, 7, 'Eliminar Cliente', NULL, 0);

-- --------------------------------------------------------

--
-- Estructura de tabla para la tabla `personas`
--

CREATE TABLE `personas` (
  `persona_id` int(10) UNSIGNED NOT NULL,
  `persona_nombre` varchar(60) DEFAULT NULL,
  `persona_apellido` varchar(60) DEFAULT NULL,
  `persona_dni` varchar(60) DEFAULT NULL,
  `persona_fecha_nac` date DEFAULT NULL,
  `persona_domicilio` varchar(255) DEFAULT NULL,
  `persona_telefono` varchar(20) DEFAULT NULL,
  `persona_fecha_alta` date DEFAULT NULL,
  `persona_cuit` varchar(50) DEFAULT NULL
) ENGINE=InnoDB DEFAULT CHARSET=utf8mb4 COLLATE=utf8mb4_general_ci;

--
-- Volcado de datos para la tabla `personas`
--

INSERT INTO `personas` (`persona_id`, `persona_nombre`, `persona_apellido`, `persona_dni`, `persona_fecha_nac`, `persona_domicilio`, `persona_telefono`, `persona_fecha_alta`, `persona_cuit`) VALUES
(1, 'Fabricio', 'G칩mez', '44464371', '2002-09-30', NULL, NULL, NULL, NULL),
(2, 'Pedro', 'Sanchez', '44333222', NULL, NULL, '3704569668', '2025-11-06', NULL);

-- --------------------------------------------------------

--
-- Estructura de tabla para la tabla `precios_historicos`
--

CREATE TABLE `precios_historicos` (
  `ph_id` int(10) UNSIGNED NOT NULL,
  `ph_producto_id` int(10) UNSIGNED NOT NULL,
  `ph_variante_id` int(10) UNSIGNED DEFAULT NULL,
  `ph_precio_costo_anterior` decimal(10,2) DEFAULT NULL,
  `ph_precio_costo_nuevo` decimal(10,2) NOT NULL,
  `ph_precio_venta_anterior` decimal(10,2) DEFAULT NULL,
  `ph_precio_venta_nuevo` decimal(10,2) DEFAULT NULL,
  `ph_motivo` enum('recepcion_pedido','ajuste_manual','promocion','inflacion','correccion') NOT NULL,
  `ph_pedido_id` int(10) UNSIGNED DEFAULT NULL,
  `ph_usuario_id` int(10) UNSIGNED NOT NULL,
  `ph_fecha_cambio` timestamp NOT NULL DEFAULT current_timestamp(),
  `ph_observaciones` text DEFAULT NULL
) ENGINE=InnoDB DEFAULT CHARSET=utf8mb4 COLLATE=utf8mb4_general_ci;

--
-- Volcado de datos para la tabla `precios_historicos`
--

INSERT INTO `precios_historicos` (`ph_id`, `ph_producto_id`, `ph_variante_id`, `ph_precio_costo_anterior`, `ph_precio_costo_nuevo`, `ph_precio_venta_anterior`, `ph_precio_venta_nuevo`, `ph_motivo`, `ph_pedido_id`, `ph_usuario_id`, `ph_fecha_cambio`, `ph_observaciones`) VALUES
(1, 1, 1, 20000.00, 21000.00, NULL, NULL, 'recepcion_pedido', 1, 1, '2025-09-19 17:27:38', 'Cambio de precio detectado en pedido. Precio anterior: $20000.00, Precio nuevo: $21000'),
(2, 1, 2, 22000.00, 21000.00, NULL, NULL, 'recepcion_pedido', 1, 1, '2025-09-19 17:27:38', 'Cambio de precio detectado en pedido. Precio anterior: $22000.00, Precio nuevo: $21000');

-- --------------------------------------------------------

--
-- Estructura de tabla para la tabla `productos`
--

CREATE TABLE `productos` (
  `producto_id` int(10) UNSIGNED NOT NULL,
  `categoria_id` int(10) UNSIGNED DEFAULT NULL,
  `producto_nombre` varchar(255) NOT NULL,
  `producto_descripcion` text DEFAULT NULL,
  `producto_precio_venta` decimal(10,2) DEFAULT NULL,
  `producto_precio_costo` decimal(10,2) DEFAULT NULL,
  `producto_precio_oferta` decimal(10,2) DEFAULT NULL,
  `producto_sku` varchar(50) DEFAULT NULL,
  `producto_estado` enum('activo','inactivo','pendiente') DEFAULT 'activo',
  `producto_fecha_alta` timestamp NOT NULL DEFAULT current_timestamp(),
  `producto_fecha_baja` timestamp NULL DEFAULT NULL,
  `producto_visible` tinyint(1) DEFAULT 1
) ENGINE=InnoDB DEFAULT CHARSET=utf8mb4 COLLATE=utf8mb4_general_ci;

--
-- Volcado de datos para la tabla `productos`
--

INSERT INTO `productos` (`producto_id`, `categoria_id`, `producto_nombre`, `producto_descripcion`, `producto_precio_venta`, `producto_precio_costo`, `producto_precio_oferta`, `producto_sku`, `producto_estado`, `producto_fecha_alta`, `producto_fecha_baja`, `producto_visible`) VALUES
(1, 3, 'Whey Protein ', NULL, NULL, NULL, NULL, NULL, 'activo', '2025-09-19 17:22:29', NULL, 1),
(2, 4, 'Creatina Monohidratada', NULL, 22000.00, 20000.00, NULL, NULL, 'activo', '2025-09-19 17:23:09', NULL, 1);

-- --------------------------------------------------------

--
-- Estructura de tabla para la tabla `promociones`
--

CREATE TABLE `promociones` (
  `promocion_id` int(10) UNSIGNED NOT NULL,
  `categoria_id` int(10) UNSIGNED DEFAULT NULL,
  `promocion_nombre` varchar(100) NOT NULL,
  `promocion_descripcion` text DEFAULT NULL,
  `promocion_descuento_porcentaje` decimal(5,2) NOT NULL COMMENT 'Ej: 10.00 para 10%',
  `promocion_fecha_inicio` date DEFAULT NULL,
  `promocion_fecha_fin` date DEFAULT NULL,
  `promocion_activa` tinyint(1) DEFAULT 1
) ENGINE=InnoDB DEFAULT CHARSET=utf8mb4 COLLATE=utf8mb4_general_ci;

-- --------------------------------------------------------

--
-- Estructura de tabla para la tabla `proveedores`
--

CREATE TABLE `proveedores` (
  `proveedor_id` int(10) UNSIGNED NOT NULL,
  `proveedor_nombre` varchar(255) NOT NULL,
  `proveedor_contacto` varchar(255) DEFAULT NULL,
  `proveedor_email` varchar(255) DEFAULT NULL,
  `proveedor_telefono` varchar(20) DEFAULT NULL,
  `proveedor_direccion` text DEFAULT NULL,
  `proveedor_cuit` varchar(20) DEFAULT NULL,
  `proveedor_estado` enum('activo','inactivo') DEFAULT 'activo',
  `proveedor_fecha_registro` timestamp NOT NULL DEFAULT current_timestamp()
) ENGINE=InnoDB DEFAULT CHARSET=utf8mb4 COLLATE=utf8mb4_general_ci;

--
-- Volcado de datos para la tabla `proveedores`
--

INSERT INTO `proveedores` (`proveedor_id`, `proveedor_nombre`, `proveedor_contacto`, `proveedor_email`, `proveedor_telefono`, `proveedor_direccion`, `proveedor_cuit`, `proveedor_estado`, `proveedor_fecha_registro`) VALUES
(1, 'Proveedor Principal S.A.', 'Juan P칠rez', 'contacto@proveedorprincipal.com', '011-4567-8900', 'Av. Corrientes 1234, CABA', '30-12345678-9', 'activo', '2025-09-19 17:18:33'),
(2, 'Distribuidora Norte', 'Mar칤a Gonz치lez', 'ventas@distribuidoranorte.com', '011-5678-9001', 'Av. Santa Fe 5678, CABA', '30-87654321-0', 'activo', '2025-09-19 17:18:33'),
(3, 'Mayorista Central', 'Carlos Rodr칤guez', 'pedidos@mayoristacentral.com', '011-6789-0123', 'Av. Rivadavia 9876, CABA', '30-11223344-5', 'activo', '2025-09-19 17:18:33');

-- --------------------------------------------------------

--
-- Estructura de tabla para la tabla `stock`
--

CREATE TABLE `stock` (
  `stock_id` int(10) UNSIGNED NOT NULL,
  `producto_id` int(10) UNSIGNED DEFAULT NULL,
  `variante_id` int(10) UNSIGNED DEFAULT NULL,
  `cantidad` int(10) UNSIGNED NOT NULL DEFAULT 0,
  `ubicacion` varchar(100) DEFAULT NULL,
  `fecha_actualizacion` timestamp NOT NULL DEFAULT current_timestamp() ON UPDATE current_timestamp(),
  `stock_minimo` int(10) UNSIGNED DEFAULT 0,
  `stock_maximo` int(10) UNSIGNED DEFAULT NULL
) ENGINE=InnoDB DEFAULT CHARSET=utf8mb4 COLLATE=utf8mb4_general_ci;

--
-- Volcado de datos para la tabla `stock`
--

INSERT INTO `stock` (`stock_id`, `producto_id`, `variante_id`, `cantidad`, `ubicacion`, `fecha_actualizacion`, `stock_minimo`, `stock_maximo`) VALUES
(1, NULL, 1, 10, NULL, '2025-09-19 17:24:06', 8, 15),
(2, NULL, 2, 8, NULL, '2025-11-06 23:40:36', 6, 20),
(3, 2, NULL, 10, NULL, '2025-09-19 17:24:48', 8, 15),
(4, 1, NULL, 0, NULL, '2025-11-06 23:40:36', 0, NULL);

--
-- Disparadores `stock`
--
DELIMITER $$
CREATE TRIGGER `trg_detectar_faltante_update` AFTER UPDATE ON `stock` FOR EACH ROW BEGIN
          IF NEW.cantidad < NEW.stock_minimo AND OLD.cantidad >= OLD.stock_minimo THEN
              IF NOT EXISTS (
                  SELECT 1 FROM faltantes 
                  WHERE (faltante_producto_id = NEW.producto_id OR faltante_variante_id = NEW.variante_id)
                  AND faltante_estado IN ('detectado', 'registrado', 'solicitado_parcial', 'solicitado_completo', 'pedido_generado', 'en_transito')
              ) THEN
                  INSERT INTO faltantes (
                      faltante_producto_id,
                      faltante_variante_id,
                      faltante_cantidad_original,
                      faltante_cantidad_faltante,
                      faltante_estado
                  ) VALUES (
                      NEW.producto_id,
                      NEW.variante_id,
                      NEW.cantidad,
                      NEW.stock_minimo - NEW.cantidad,
                      'detectado'
                  );
              END IF;
          END IF;
      END
$$
DELIMITER ;
DELIMITER $$
CREATE TRIGGER `trg_resolver_faltante_stock_update` AFTER UPDATE ON `stock` FOR EACH ROW BEGIN
          IF NEW.cantidad >= NEW.stock_minimo AND OLD.cantidad < OLD.stock_minimo THEN
              UPDATE faltantes 
              SET faltante_estado = 'resuelto', 
                  faltante_resuelto = 1
              WHERE (faltante_producto_id = NEW.producto_id OR faltante_variante_id = NEW.variante_id)
              AND faltante_estado IN ('detectado', 'registrado', 'solicitado_parcial', 'solicitado_completo');
          END IF;
      END
$$
DELIMITER ;

-- --------------------------------------------------------

--
-- Estructura de tabla para la tabla `stock_movimientos`
--

CREATE TABLE `stock_movimientos` (
  `sm_id` int(10) UNSIGNED NOT NULL,
  `sm_producto_id` int(10) UNSIGNED NOT NULL,
  `sm_variante_id` int(10) UNSIGNED DEFAULT NULL,
  `sm_tipo_movimiento` enum('entrada','salida','ajuste','venta','devolucion') NOT NULL,
  `sm_cantidad` int(11) NOT NULL,
  `sm_motivo` varchar(255) DEFAULT NULL,
  `sm_pedido_id` int(10) UNSIGNED DEFAULT NULL,
  `sm_venta_id` int(10) UNSIGNED DEFAULT NULL,
  `sm_usuario_id` int(10) UNSIGNED NOT NULL,
  `sm_fecha_movimiento` timestamp NOT NULL DEFAULT current_timestamp(),
  `sm_observaciones` text DEFAULT NULL
) ENGINE=InnoDB DEFAULT CHARSET=utf8mb4 COLLATE=utf8mb4_general_ci;

-- --------------------------------------------------------

--
-- Estructura de tabla para la tabla `usuarios`
--

CREATE TABLE `usuarios` (
  `usuario_id` int(10) UNSIGNED NOT NULL,
  `persona_id` int(10) UNSIGNED NOT NULL,
  `estado_usuario_id` int(10) UNSIGNED NOT NULL,
  `usuario_email` varchar(50) DEFAULT NULL,
  `usuario_pass` varchar(255) DEFAULT NULL
) ENGINE=InnoDB DEFAULT CHARSET=utf8mb4 COLLATE=utf8mb4_general_ci;

--
-- Volcado de datos para la tabla `usuarios`
--

INSERT INTO `usuarios` (`usuario_id`, `persona_id`, `estado_usuario_id`, `usuario_email`, `usuario_pass`) VALUES
(1, 1, 1, 'fabricio.gomez4371@gmail.com', '$2b$12$rQGnxYjcGUGOPdU1zM4m0OMDLXXuFNqrEVZnKqm0fobgSYKJwmMsa');

-- --------------------------------------------------------

--
-- Estructura de tabla para la tabla `usuarios_perfiles`
--

CREATE TABLE `usuarios_perfiles` (
  `perfil_id` int(10) UNSIGNED NOT NULL,
  `usuario_id` int(10) UNSIGNED NOT NULL
) ENGINE=InnoDB DEFAULT CHARSET=utf8mb4 COLLATE=utf8mb4_general_ci;

--
-- Volcado de datos para la tabla `usuarios_perfiles`
--

INSERT INTO `usuarios_perfiles` (`perfil_id`, `usuario_id`) VALUES
(1, 1);

-- --------------------------------------------------------

--
-- Estructura de tabla para la tabla `valores_variantes`
--

CREATE TABLE `valores_variantes` (
  `variante_id` int(10) UNSIGNED NOT NULL,
  `atributo_id` int(10) UNSIGNED NOT NULL,
  `valor_nombre` varchar(100) NOT NULL
) ENGINE=InnoDB DEFAULT CHARSET=utf8mb4 COLLATE=utf8mb4_general_ci;

--
-- Volcado de datos para la tabla `valores_variantes`
--

INSERT INTO `valores_variantes` (`variante_id`, `atributo_id`, `valor_nombre`) VALUES
(1, 1, 'Vainilla'),
(2, 1, 'Frutilla');

-- --------------------------------------------------------

--
-- Estructura de tabla para la tabla `variantes`
--

CREATE TABLE `variantes` (
  `variante_id` int(10) UNSIGNED NOT NULL,
  `producto_id` int(10) UNSIGNED NOT NULL,
  `imagen_id` int(10) UNSIGNED DEFAULT NULL,
  `variante_precio_venta` decimal(10,2) DEFAULT NULL,
  `variante_precio_costo` decimal(10,2) DEFAULT NULL,
  `variante_precio_oferta` decimal(10,2) DEFAULT NULL,
  `variante_sku` varchar(50) DEFAULT NULL,
  `variante_estado` enum('activo','inactivo','pendiente') DEFAULT 'activo'
) ENGINE=InnoDB DEFAULT CHARSET=utf8mb4 COLLATE=utf8mb4_general_ci;

--
-- Volcado de datos para la tabla `variantes`
--

INSERT INTO `variantes` (`variante_id`, `producto_id`, `imagen_id`, `variante_precio_venta`, `variante_precio_costo`, `variante_precio_oferta`, `variante_sku`, `variante_estado`) VALUES
(1, 1, 10, 25000.00, 21000.00, 23000.00, NULL, 'activo'),
(2, 1, 11, 26500.00, 21000.00, NULL, NULL, 'activo');

-- --------------------------------------------------------

--
-- Estructura de tabla para la tabla `variantes_borrador`
--

CREATE TABLE `variantes_borrador` (
  `vb_id` int(10) UNSIGNED NOT NULL,
  `vb_pedido_id` int(10) UNSIGNED NOT NULL,
  `vb_producto_id` int(10) UNSIGNED NOT NULL,
  `vb_atributos` longtext CHARACTER SET utf8mb4 COLLATE utf8mb4_bin NOT NULL CHECK (json_valid(`vb_atributos`)),
  `vb_cantidad` int(10) UNSIGNED NOT NULL DEFAULT 1,
  `vb_precio_unitario` decimal(10,2) NOT NULL DEFAULT 0.00,
  `vb_estado` enum('borrador','registrado') DEFAULT 'borrador',
  `vb_fecha_creacion` timestamp NOT NULL DEFAULT current_timestamp()
) ENGINE=InnoDB DEFAULT CHARSET=utf8mb4 COLLATE=utf8mb4_general_ci;

--
-- Volcado de datos para la tabla `variantes_borrador`
--

INSERT INTO `variantes_borrador` (`vb_id`, `vb_pedido_id`, `vb_producto_id`, `vb_atributos`, `vb_cantidad`, `vb_precio_unitario`, `vb_estado`, `vb_fecha_creacion`) VALUES
(1, 1, 1, '[{\"atributo_nombre\":\"Sabor\",\"valor_nombre\":\"Dulce de leche\"}]', 5, 20000.00, 'borrador', '2025-09-19 17:27:38');

-- --------------------------------------------------------

--
-- Estructura de tabla para la tabla `ventas`
--

CREATE TABLE `ventas` (
  `venta_id` int(10) UNSIGNED NOT NULL,
  `cliente_id` int(10) UNSIGNED DEFAULT NULL,
  `cupon_id` int(10) UNSIGNED DEFAULT NULL,
  `venta_fecha` timestamp NOT NULL DEFAULT current_timestamp(),
  `venta_estado_pago` enum('pendiente','abonado','cancelado') DEFAULT 'pendiente',
  `venta_estado_envio` enum('pendiente','enviado','entregado','cancelado') DEFAULT 'pendiente',
  `venta_monto_total` decimal(10,2) NOT NULL,
  `venta_monto_descuento` decimal(10,2) DEFAULT 0.00,
  `venta_origen` enum('Venta Manual','Redes Sociales','Whatsapp','Presecial') DEFAULT 'Venta Manual',
  `venta_nota` text DEFAULT NULL
) ENGINE=InnoDB DEFAULT CHARSET=utf8mb4 COLLATE=utf8mb4_general_ci;

--
-- Volcado de datos para la tabla `ventas`
--

INSERT INTO `ventas` (`venta_id`, `cliente_id`, `cupon_id`, `venta_fecha`, `venta_estado_pago`, `venta_estado_envio`, `venta_monto_total`, `venta_monto_descuento`, `venta_origen`, `venta_nota`) VALUES
(1, 1, NULL, '2025-11-06 22:00:12', 'abonado', 'pendiente', 53000.00, 0.00, 'Venta Manual', NULL);

-- --------------------------------------------------------

--
-- Estructura de tabla para la tabla `ventas_detalle`
--

CREATE TABLE `ventas_detalle` (
  `vd_id` int(10) UNSIGNED NOT NULL,
  `venta_id` int(10) UNSIGNED NOT NULL,
  `producto_id` int(10) UNSIGNED DEFAULT NULL,
  `variante_id` int(10) UNSIGNED DEFAULT NULL,
  `combo_id` int(10) UNSIGNED DEFAULT NULL,
  `vd_cantidad` int(10) UNSIGNED NOT NULL,
  `vd_precio_unitario` decimal(10,2) NOT NULL,
  `vd_subtotal` decimal(10,2) NOT NULL,
  `producto_nombre` varchar(255) DEFAULT NULL,
  `variante_descripcion` varchar(255) DEFAULT NULL,
  `combo_nombre` varchar(255) DEFAULT NULL
) ENGINE=InnoDB DEFAULT CHARSET=utf8mb4 COLLATE=utf8mb4_general_ci;

--
-- Volcado de datos para la tabla `ventas_detalle`
--

INSERT INTO `ventas_detalle` (`vd_id`, `venta_id`, `producto_id`, `variante_id`, `combo_id`, `vd_cantidad`, `vd_precio_unitario`, `vd_subtotal`, `producto_nombre`, `variante_descripcion`, `combo_nombre`) VALUES
(1, 1, NULL, 2, NULL, 2, 26500.00, 53000.00, 'Whey Protein ', 'Sabor: Frutilla', NULL);

--
-- 칈ndices para tablas volcadas
--

--
-- Indices de la tabla `atributos`
--
ALTER TABLE `atributos`
  ADD PRIMARY KEY (`atributo_id`),
  ADD KEY `producto_id` (`producto_id`);

--
-- Indices de la tabla `categorias`
--
ALTER TABLE `categorias`
  ADD PRIMARY KEY (`categoria_id`),
  ADD KEY `categoria_padre_id` (`categoria_padre_id`);

--
-- Indices de la tabla `clientes`
--
ALTER TABLE `clientes`
  ADD PRIMARY KEY (`cliente_id`),
  ADD UNIQUE KEY `cliente_email` (`cliente_email`),
  ADD KEY `persona_id` (`persona_id`);

--
-- Indices de la tabla `combos`
--
ALTER TABLE `combos`
  ADD PRIMARY KEY (`combo_id`);

--
-- Indices de la tabla `combos_productos`
--
ALTER TABLE `combos_productos`
  ADD PRIMARY KEY (`cp_id`),
  ADD KEY `cp_combo_id` (`cp_combo_id`),
  ADD KEY `cp_producto_id` (`cp_producto_id`),
  ADD KEY `cp_variante_id` (`cp_variante_id`);

--
-- Indices de la tabla `cupones`
--
ALTER TABLE `cupones`
  ADD PRIMARY KEY (`cupon_id`),
  ADD UNIQUE KEY `cupon_codigo` (`cupon_codigo`);

--
-- Indices de la tabla `datos_envio`
--
ALTER TABLE `datos_envio`
  ADD PRIMARY KEY (`envio_id`),
  ADD KEY `cliente_id` (`cliente_id`);

--
-- Indices de la tabla `envios_invitados`
--
ALTER TABLE `envios_invitados`
  ADD PRIMARY KEY (`envio_invitado_id`),
  ADD KEY `venta_id` (`venta_id`);

--
-- Indices de la tabla `estados_usuarios`
--
ALTER TABLE `estados_usuarios`
  ADD PRIMARY KEY (`estado_usuario_id`);

--
-- Indices de la tabla `faltantes`
--
ALTER TABLE `faltantes`
  ADD PRIMARY KEY (`faltante_id`),
  ADD KEY `faltante_producto_id` (`faltante_producto_id`),
  ADD KEY `faltante_variante_id` (`faltante_variante_id`),
  ADD KEY `faltante_pedido_id` (`faltante_pedido_id`);

--
-- Indices de la tabla `imagenes_productos`
--
ALTER TABLE `imagenes_productos`
  ADD PRIMARY KEY (`imagen_id`),
  ADD KEY `producto_id` (`producto_id`);

--
-- Indices de la tabla `imagenes_temporales`
--
ALTER TABLE `imagenes_temporales`
  ADD PRIMARY KEY (`imagen_id`);

--
-- Indices de la tabla `modulos`
--
ALTER TABLE `modulos`
  ADD PRIMARY KEY (`modulo_id`),
  ADD KEY `modulos_FKIndex1` (`modulo_padre_id`);

--
-- Indices de la tabla `notificaciones_config`
--
ALTER TABLE `notificaciones_config`
  ADD PRIMARY KEY (`config_id`);

--
-- Indices de la tabla `notificaciones_contactos`
--
ALTER TABLE `notificaciones_contactos`
  ADD PRIMARY KEY (`contacto_id`),
  ADD UNIQUE KEY `unique_email` (`contacto_email`),
  ADD KEY `idx_activo_tipo` (`contacto_activo`,`contacto_tipo`);

--
-- Indices de la tabla `notificaciones_pendientes`
--
ALTER TABLE `notificaciones_pendientes`
  ADD PRIMARY KEY (`id`);

--
-- Indices de la tabla `pedidos`
--
ALTER TABLE `pedidos`
  ADD PRIMARY KEY (`pedido_id`),
  ADD KEY `pedido_proveedor_id` (`pedido_proveedor_id`),
  ADD KEY `pedido_usuario_id` (`pedido_usuario_id`);

--
-- Indices de la tabla `pedidos_borrador_producto`
--
ALTER TABLE `pedidos_borrador_producto`
  ADD PRIMARY KEY (`pbp_id`),
  ADD KEY `pbp_pedido_id` (`pbp_pedido_id`);

--
-- Indices de la tabla `pedidos_detalle`
--
ALTER TABLE `pedidos_detalle`
  ADD PRIMARY KEY (`pd_id`),
  ADD KEY `pd_pedido_id` (`pd_pedido_id`),
  ADD KEY `pd_producto_id` (`pd_producto_id`),
  ADD KEY `pd_variante_id` (`pd_variante_id`);

--
-- Indices de la tabla `pedidos_modificaciones`
--
ALTER TABLE `pedidos_modificaciones`
  ADD PRIMARY KEY (`pm_id`),
  ADD KEY `pm_pedido_id` (`pm_pedido_id`),
  ADD KEY `pm_usuario_id` (`pm_usuario_id`);

--
-- Indices de la tabla `perfiles`
--
ALTER TABLE `perfiles`
  ADD PRIMARY KEY (`perfil_id`);

--
-- Indices de la tabla `perfiles_modulos_permisos`
--
ALTER TABLE `perfiles_modulos_permisos`
  ADD PRIMARY KEY (`pmp_id`),
  ADD KEY `pmp_FKIndex1` (`perfil_id`),
  ADD KEY `pmp_FKIndex2` (`modulo_id`),
  ADD KEY `pmp_FKIndex3` (`permiso_id`);

--
-- Indices de la tabla `permisos`
--
ALTER TABLE `permisos`
  ADD PRIMARY KEY (`permiso_id`),
  ADD KEY `permisos_FKIndex1` (`modulo_id`);

--
-- Indices de la tabla `personas`
--
ALTER TABLE `personas`
  ADD PRIMARY KEY (`persona_id`);

--
-- Indices de la tabla `precios_historicos`
--
ALTER TABLE `precios_historicos`
  ADD PRIMARY KEY (`ph_id`),
  ADD KEY `ph_producto_id` (`ph_producto_id`),
  ADD KEY `ph_variante_id` (`ph_variante_id`),
  ADD KEY `ph_pedido_id` (`ph_pedido_id`),
  ADD KEY `ph_usuario_id` (`ph_usuario_id`);

--
-- Indices de la tabla `productos`
--
ALTER TABLE `productos`
  ADD PRIMARY KEY (`producto_id`),
  ADD KEY `categoria_id` (`categoria_id`);

--
-- Indices de la tabla `promociones`
--
ALTER TABLE `promociones`
  ADD PRIMARY KEY (`promocion_id`),
  ADD KEY `categoria_id` (`categoria_id`);

--
-- Indices de la tabla `proveedores`
--
ALTER TABLE `proveedores`
  ADD PRIMARY KEY (`proveedor_id`);

--
-- Indices de la tabla `stock`
--
ALTER TABLE `stock`
  ADD PRIMARY KEY (`stock_id`),
  ADD KEY `producto_id` (`producto_id`),
  ADD KEY `variante_id` (`variante_id`);

--
-- Indices de la tabla `stock_movimientos`
--
ALTER TABLE `stock_movimientos`
  ADD PRIMARY KEY (`sm_id`),
  ADD KEY `sm_producto_id` (`sm_producto_id`),
  ADD KEY `sm_variante_id` (`sm_variante_id`),
  ADD KEY `sm_pedido_id` (`sm_pedido_id`),
  ADD KEY `sm_venta_id` (`sm_venta_id`),
  ADD KEY `sm_usuario_id` (`sm_usuario_id`);

--
-- Indices de la tabla `usuarios`
--
ALTER TABLE `usuarios`
  ADD PRIMARY KEY (`usuario_id`),
  ADD KEY `usuarios_FKIndex1` (`persona_id`),
  ADD KEY `usuarios_FKIndex2` (`estado_usuario_id`);

--
-- Indices de la tabla `usuarios_perfiles`
--
ALTER TABLE `usuarios_perfiles`
  ADD KEY `usuarios_has_perfiles_FKIndex1` (`usuario_id`),
  ADD KEY `usuarios_has_perfiles_FKIndex2` (`perfil_id`);

--
-- Indices de la tabla `valores_variantes`
--
ALTER TABLE `valores_variantes`
  ADD PRIMARY KEY (`variante_id`,`atributo_id`),
  ADD KEY `atributo_id` (`atributo_id`);

--
-- Indices de la tabla `variantes`
--
ALTER TABLE `variantes`
  ADD PRIMARY KEY (`variante_id`),
  ADD KEY `producto_id` (`producto_id`),
  ADD KEY `imagen_id` (`imagen_id`);

--
-- Indices de la tabla `variantes_borrador`
--
ALTER TABLE `variantes_borrador`
  ADD PRIMARY KEY (`vb_id`),
  ADD KEY `vb_pedido_id` (`vb_pedido_id`),
  ADD KEY `vb_producto_id` (`vb_producto_id`);

--
-- Indices de la tabla `ventas`
--
ALTER TABLE `ventas`
  ADD PRIMARY KEY (`venta_id`),
  ADD KEY `cliente_id` (`cliente_id`),
  ADD KEY `cupon_id` (`cupon_id`);

--
-- Indices de la tabla `ventas_detalle`
--
ALTER TABLE `ventas_detalle`
  ADD PRIMARY KEY (`vd_id`),
  ADD KEY `venta_id` (`venta_id`),
  ADD KEY `producto_id` (`producto_id`),
  ADD KEY `variante_id` (`variante_id`),
  ADD KEY `combo_id` (`combo_id`);

--
-- AUTO_INCREMENT de las tablas volcadas
--

--
-- AUTO_INCREMENT de la tabla `atributos`
--
ALTER TABLE `atributos`
  MODIFY `atributo_id` int(10) UNSIGNED NOT NULL AUTO_INCREMENT, AUTO_INCREMENT=2;

--
-- AUTO_INCREMENT de la tabla `categorias`
--
ALTER TABLE `categorias`
  MODIFY `categoria_id` int(10) UNSIGNED NOT NULL AUTO_INCREMENT, AUTO_INCREMENT=5;

--
-- AUTO_INCREMENT de la tabla `clientes`
--
ALTER TABLE `clientes`
  MODIFY `cliente_id` int(10) UNSIGNED NOT NULL AUTO_INCREMENT, AUTO_INCREMENT=2;

--
-- AUTO_INCREMENT de la tabla `combos`
--
ALTER TABLE `combos`
  MODIFY `combo_id` int(10) UNSIGNED NOT NULL AUTO_INCREMENT;

--
-- AUTO_INCREMENT de la tabla `combos_productos`
--
ALTER TABLE `combos_productos`
  MODIFY `cp_id` int(10) UNSIGNED NOT NULL AUTO_INCREMENT;

--
-- AUTO_INCREMENT de la tabla `cupones`
--
ALTER TABLE `cupones`
  MODIFY `cupon_id` int(10) UNSIGNED NOT NULL AUTO_INCREMENT;

--
-- AUTO_INCREMENT de la tabla `datos_envio`
--
ALTER TABLE `datos_envio`
  MODIFY `envio_id` int(10) UNSIGNED NOT NULL AUTO_INCREMENT;

--
-- AUTO_INCREMENT de la tabla `envios_invitados`
--
ALTER TABLE `envios_invitados`
  MODIFY `envio_invitado_id` int(10) UNSIGNED NOT NULL AUTO_INCREMENT;

--
-- AUTO_INCREMENT de la tabla `estados_usuarios`
--
ALTER TABLE `estados_usuarios`
  MODIFY `estado_usuario_id` int(10) UNSIGNED NOT NULL AUTO_INCREMENT, AUTO_INCREMENT=2;

--
-- AUTO_INCREMENT de la tabla `faltantes`
--
ALTER TABLE `faltantes`
  MODIFY `faltante_id` int(10) UNSIGNED NOT NULL AUTO_INCREMENT, AUTO_INCREMENT=4;

--
-- AUTO_INCREMENT de la tabla `imagenes_productos`
--
ALTER TABLE `imagenes_productos`
  MODIFY `imagen_id` int(10) UNSIGNED NOT NULL AUTO_INCREMENT, AUTO_INCREMENT=13;

--
-- AUTO_INCREMENT de la tabla `imagenes_temporales`
--
ALTER TABLE `imagenes_temporales`
  MODIFY `imagen_id` int(10) UNSIGNED NOT NULL AUTO_INCREMENT, AUTO_INCREMENT=6;

--
-- AUTO_INCREMENT de la tabla `modulos`
--
ALTER TABLE `modulos`
  MODIFY `modulo_id` int(10) UNSIGNED NOT NULL AUTO_INCREMENT, AUTO_INCREMENT=8;

--
-- AUTO_INCREMENT de la tabla `notificaciones_config`
--
ALTER TABLE `notificaciones_config`
  MODIFY `config_id` int(10) UNSIGNED NOT NULL AUTO_INCREMENT, AUTO_INCREMENT=2;

--
-- AUTO_INCREMENT de la tabla `notificaciones_contactos`
--
ALTER TABLE `notificaciones_contactos`
  MODIFY `contacto_id` int(11) NOT NULL AUTO_INCREMENT, AUTO_INCREMENT=9;

--
-- AUTO_INCREMENT de la tabla `notificaciones_pendientes`
--
ALTER TABLE `notificaciones_pendientes`
  MODIFY `id` int(11) NOT NULL AUTO_INCREMENT, AUTO_INCREMENT=4;

--
-- AUTO_INCREMENT de la tabla `pedidos`
--
ALTER TABLE `pedidos`
  MODIFY `pedido_id` int(10) UNSIGNED NOT NULL AUTO_INCREMENT, AUTO_INCREMENT=2;

--
-- AUTO_INCREMENT de la tabla `pedidos_borrador_producto`
--
ALTER TABLE `pedidos_borrador_producto`
  MODIFY `pbp_id` int(10) UNSIGNED NOT NULL AUTO_INCREMENT, AUTO_INCREMENT=2;

--
-- AUTO_INCREMENT de la tabla `pedidos_detalle`
--
ALTER TABLE `pedidos_detalle`
  MODIFY `pd_id` int(10) UNSIGNED NOT NULL AUTO_INCREMENT, AUTO_INCREMENT=3;

--
-- AUTO_INCREMENT de la tabla `pedidos_modificaciones`
--
ALTER TABLE `pedidos_modificaciones`
  MODIFY `pm_id` int(10) UNSIGNED NOT NULL AUTO_INCREMENT;

--
-- AUTO_INCREMENT de la tabla `perfiles`
--
ALTER TABLE `perfiles`
  MODIFY `perfil_id` int(10) UNSIGNED NOT NULL AUTO_INCREMENT, AUTO_INCREMENT=2;

--
-- AUTO_INCREMENT de la tabla `perfiles_modulos_permisos`
--
ALTER TABLE `perfiles_modulos_permisos`
  MODIFY `pmp_id` int(10) UNSIGNED NOT NULL AUTO_INCREMENT, AUTO_INCREMENT=53;

--
-- AUTO_INCREMENT de la tabla `permisos`
--
ALTER TABLE `permisos`
  MODIFY `permiso_id` int(10) UNSIGNED NOT NULL AUTO_INCREMENT, AUTO_INCREMENT=53;

--
-- AUTO_INCREMENT de la tabla `personas`
--
ALTER TABLE `personas`
  MODIFY `persona_id` int(10) UNSIGNED NOT NULL AUTO_INCREMENT, AUTO_INCREMENT=3;

--
-- AUTO_INCREMENT de la tabla `precios_historicos`
--
ALTER TABLE `precios_historicos`
  MODIFY `ph_id` int(10) UNSIGNED NOT NULL AUTO_INCREMENT, AUTO_INCREMENT=3;

--
-- AUTO_INCREMENT de la tabla `productos`
--
ALTER TABLE `productos`
  MODIFY `producto_id` int(10) UNSIGNED NOT NULL AUTO_INCREMENT, AUTO_INCREMENT=3;

--
-- AUTO_INCREMENT de la tabla `promociones`
--
ALTER TABLE `promociones`
  MODIFY `promocion_id` int(10) UNSIGNED NOT NULL AUTO_INCREMENT;

--
-- AUTO_INCREMENT de la tabla `proveedores`
--
ALTER TABLE `proveedores`
  MODIFY `proveedor_id` int(10) UNSIGNED NOT NULL AUTO_INCREMENT, AUTO_INCREMENT=4;

--
-- AUTO_INCREMENT de la tabla `stock`
--
ALTER TABLE `stock`
  MODIFY `stock_id` int(10) UNSIGNED NOT NULL AUTO_INCREMENT, AUTO_INCREMENT=5;

--
-- AUTO_INCREMENT de la tabla `stock_movimientos`
--
ALTER TABLE `stock_movimientos`
  MODIFY `sm_id` int(10) UNSIGNED NOT NULL AUTO_INCREMENT;

--
-- AUTO_INCREMENT de la tabla `usuarios`
--
ALTER TABLE `usuarios`
  MODIFY `usuario_id` int(10) UNSIGNED NOT NULL AUTO_INCREMENT, AUTO_INCREMENT=2;

--
-- AUTO_INCREMENT de la tabla `variantes`
--
ALTER TABLE `variantes`
  MODIFY `variante_id` int(10) UNSIGNED NOT NULL AUTO_INCREMENT, AUTO_INCREMENT=3;

--
-- AUTO_INCREMENT de la tabla `variantes_borrador`
--
ALTER TABLE `variantes_borrador`
  MODIFY `vb_id` int(10) UNSIGNED NOT NULL AUTO_INCREMENT, AUTO_INCREMENT=2;

--
-- AUTO_INCREMENT de la tabla `ventas`
--
ALTER TABLE `ventas`
  MODIFY `venta_id` int(10) UNSIGNED NOT NULL AUTO_INCREMENT, AUTO_INCREMENT=2;

--
-- AUTO_INCREMENT de la tabla `ventas_detalle`
--
ALTER TABLE `ventas_detalle`
  MODIFY `vd_id` int(10) UNSIGNED NOT NULL AUTO_INCREMENT, AUTO_INCREMENT=2;

--
-- Restricciones para tablas volcadas
--

--
-- Filtros para la tabla `atributos`
--
ALTER TABLE `atributos`
  ADD CONSTRAINT `atributos_ibfk_1` FOREIGN KEY (`producto_id`) REFERENCES `productos` (`producto_id`) ON DELETE CASCADE ON UPDATE CASCADE;

--
-- Filtros para la tabla `categorias`
--
ALTER TABLE `categorias`
  ADD CONSTRAINT `categorias_ibfk_1` FOREIGN KEY (`categoria_padre_id`) REFERENCES `categorias` (`categoria_id`) ON DELETE SET NULL ON UPDATE CASCADE;

--
-- Filtros para la tabla `clientes`
--
ALTER TABLE `clientes`
  ADD CONSTRAINT `clientes_ibfk_1` FOREIGN KEY (`persona_id`) REFERENCES `personas` (`persona_id`) ON DELETE NO ACTION ON UPDATE CASCADE;

--
-- Filtros para la tabla `combos_productos`
--
ALTER TABLE `combos_productos`
  ADD CONSTRAINT `combos_productos_ibfk_1` FOREIGN KEY (`cp_combo_id`) REFERENCES `combos` (`combo_id`) ON DELETE CASCADE,
  ADD CONSTRAINT `combos_productos_ibfk_2` FOREIGN KEY (`cp_producto_id`) REFERENCES `productos` (`producto_id`) ON DELETE CASCADE,
  ADD CONSTRAINT `combos_productos_ibfk_3` FOREIGN KEY (`cp_variante_id`) REFERENCES `variantes` (`variante_id`) ON DELETE CASCADE;

--
-- Filtros para la tabla `datos_envio`
--
ALTER TABLE `datos_envio`
  ADD CONSTRAINT `datos_envio_ibfk_1` FOREIGN KEY (`cliente_id`) REFERENCES `clientes` (`cliente_id`) ON DELETE CASCADE ON UPDATE CASCADE;

--
-- Filtros para la tabla `envios_invitados`
--
ALTER TABLE `envios_invitados`
  ADD CONSTRAINT `envios_invitados_ibfk_1` FOREIGN KEY (`venta_id`) REFERENCES `ventas` (`venta_id`) ON DELETE CASCADE ON UPDATE CASCADE;

--
-- Filtros para la tabla `faltantes`
--
ALTER TABLE `faltantes`
  ADD CONSTRAINT `faltantes_ibfk_1` FOREIGN KEY (`faltante_producto_id`) REFERENCES `productos` (`producto_id`) ON DELETE SET NULL ON UPDATE CASCADE,
  ADD CONSTRAINT `faltantes_ibfk_2` FOREIGN KEY (`faltante_variante_id`) REFERENCES `variantes` (`variante_id`) ON DELETE SET NULL ON UPDATE CASCADE,
  ADD CONSTRAINT `faltantes_ibfk_3` FOREIGN KEY (`faltante_pedido_id`) REFERENCES `pedidos` (`pedido_id`) ON DELETE SET NULL ON UPDATE CASCADE;

--
-- Filtros para la tabla `imagenes_productos`
--
ALTER TABLE `imagenes_productos`
  ADD CONSTRAINT `imagenes_productos_ibfk_1` FOREIGN KEY (`producto_id`) REFERENCES `productos` (`producto_id`) ON DELETE CASCADE ON UPDATE CASCADE;

--
-- Filtros para la tabla `modulos`
--
ALTER TABLE `modulos`
  ADD CONSTRAINT `modulos_ibfk_1` FOREIGN KEY (`modulo_padre_id`) REFERENCES `modulos` (`modulo_id`) ON DELETE NO ACTION ON UPDATE NO ACTION;

--
-- Filtros para la tabla `pedidos`
--
ALTER TABLE `pedidos`
  ADD CONSTRAINT `pedidos_ibfk_1` FOREIGN KEY (`pedido_proveedor_id`) REFERENCES `proveedores` (`proveedor_id`) ON UPDATE CASCADE,
  ADD CONSTRAINT `pedidos_ibfk_2` FOREIGN KEY (`pedido_usuario_id`) REFERENCES `usuarios` (`usuario_id`) ON UPDATE CASCADE;

--
-- Filtros para la tabla `pedidos_borrador_producto`
--
ALTER TABLE `pedidos_borrador_producto`
  ADD CONSTRAINT `pedidos_borrador_producto_ibfk_1` FOREIGN KEY (`pbp_pedido_id`) REFERENCES `pedidos` (`pedido_id`) ON DELETE CASCADE ON UPDATE CASCADE;

--
-- Filtros para la tabla `pedidos_detalle`
--
ALTER TABLE `pedidos_detalle`
  ADD CONSTRAINT `pedidos_detalle_ibfk_1` FOREIGN KEY (`pd_pedido_id`) REFERENCES `pedidos` (`pedido_id`) ON DELETE CASCADE ON UPDATE CASCADE,
  ADD CONSTRAINT `pedidos_detalle_ibfk_2` FOREIGN KEY (`pd_producto_id`) REFERENCES `productos` (`producto_id`) ON UPDATE CASCADE,
  ADD CONSTRAINT `pedidos_detalle_ibfk_3` FOREIGN KEY (`pd_variante_id`) REFERENCES `variantes` (`variante_id`) ON UPDATE CASCADE;

--
-- Filtros para la tabla `pedidos_modificaciones`
--
ALTER TABLE `pedidos_modificaciones`
  ADD CONSTRAINT `pedidos_modificaciones_ibfk_1` FOREIGN KEY (`pm_pedido_id`) REFERENCES `pedidos` (`pedido_id`) ON DELETE CASCADE ON UPDATE CASCADE,
  ADD CONSTRAINT `pedidos_modificaciones_ibfk_2` FOREIGN KEY (`pm_usuario_id`) REFERENCES `usuarios` (`usuario_id`) ON UPDATE CASCADE;

--
-- Filtros para la tabla `perfiles_modulos_permisos`
--
ALTER TABLE `perfiles_modulos_permisos`
  ADD CONSTRAINT `perfiles_modulos_permisos_ibfk_1` FOREIGN KEY (`perfil_id`) REFERENCES `perfiles` (`perfil_id`) ON DELETE NO ACTION ON UPDATE NO ACTION,
  ADD CONSTRAINT `perfiles_modulos_permisos_ibfk_2` FOREIGN KEY (`modulo_id`) REFERENCES `modulos` (`modulo_id`) ON DELETE NO ACTION ON UPDATE NO ACTION,
  ADD CONSTRAINT `perfiles_modulos_permisos_ibfk_3` FOREIGN KEY (`permiso_id`) REFERENCES `permisos` (`permiso_id`) ON DELETE NO ACTION ON UPDATE NO ACTION;

--
-- Filtros para la tabla `permisos`
--
ALTER TABLE `permisos`
  ADD CONSTRAINT `permisos_ibfk_1` FOREIGN KEY (`modulo_id`) REFERENCES `modulos` (`modulo_id`) ON DELETE NO ACTION ON UPDATE NO ACTION;

--
-- Filtros para la tabla `precios_historicos`
--
ALTER TABLE `precios_historicos`
  ADD CONSTRAINT `precios_historicos_ibfk_1` FOREIGN KEY (`ph_producto_id`) REFERENCES `productos` (`producto_id`) ON UPDATE CASCADE,
  ADD CONSTRAINT `precios_historicos_ibfk_2` FOREIGN KEY (`ph_variante_id`) REFERENCES `variantes` (`variante_id`) ON UPDATE CASCADE,
  ADD CONSTRAINT `precios_historicos_ibfk_3` FOREIGN KEY (`ph_pedido_id`) REFERENCES `pedidos` (`pedido_id`) ON DELETE SET NULL ON UPDATE CASCADE,
  ADD CONSTRAINT `precios_historicos_ibfk_4` FOREIGN KEY (`ph_usuario_id`) REFERENCES `usuarios` (`usuario_id`) ON UPDATE CASCADE;

--
-- Filtros para la tabla `productos`
--
ALTER TABLE `productos`
  ADD CONSTRAINT `productos_ibfk_1` FOREIGN KEY (`categoria_id`) REFERENCES `categorias` (`categoria_id`) ON DELETE SET NULL ON UPDATE CASCADE;

--
-- Filtros para la tabla `promociones`
--
ALTER TABLE `promociones`
  ADD CONSTRAINT `promociones_ibfk_1` FOREIGN KEY (`categoria_id`) REFERENCES `categorias` (`categoria_id`) ON DELETE SET NULL ON UPDATE CASCADE;

--
-- Filtros para la tabla `stock`
--
ALTER TABLE `stock`
  ADD CONSTRAINT `stock_ibfk_1` FOREIGN KEY (`producto_id`) REFERENCES `productos` (`producto_id`) ON DELETE CASCADE ON UPDATE CASCADE,
  ADD CONSTRAINT `stock_ibfk_2` FOREIGN KEY (`variante_id`) REFERENCES `variantes` (`variante_id`) ON DELETE CASCADE ON UPDATE CASCADE;

--
-- Filtros para la tabla `stock_movimientos`
--
ALTER TABLE `stock_movimientos`
  ADD CONSTRAINT `stock_movimientos_ibfk_1` FOREIGN KEY (`sm_producto_id`) REFERENCES `productos` (`producto_id`) ON UPDATE CASCADE,
  ADD CONSTRAINT `stock_movimientos_ibfk_2` FOREIGN KEY (`sm_variante_id`) REFERENCES `variantes` (`variante_id`) ON UPDATE CASCADE,
  ADD CONSTRAINT `stock_movimientos_ibfk_3` FOREIGN KEY (`sm_pedido_id`) REFERENCES `pedidos` (`pedido_id`) ON DELETE SET NULL ON UPDATE CASCADE,
  ADD CONSTRAINT `stock_movimientos_ibfk_4` FOREIGN KEY (`sm_venta_id`) REFERENCES `ventas` (`venta_id`) ON DELETE SET NULL ON UPDATE CASCADE,
  ADD CONSTRAINT `stock_movimientos_ibfk_5` FOREIGN KEY (`sm_usuario_id`) REFERENCES `usuarios` (`usuario_id`) ON UPDATE CASCADE;

--
-- Filtros para la tabla `usuarios`
--
ALTER TABLE `usuarios`
  ADD CONSTRAINT `usuarios_ibfk_1` FOREIGN KEY (`persona_id`) REFERENCES `personas` (`persona_id`) ON DELETE NO ACTION ON UPDATE NO ACTION,
  ADD CONSTRAINT `usuarios_ibfk_2` FOREIGN KEY (`estado_usuario_id`) REFERENCES `estados_usuarios` (`estado_usuario_id`) ON DELETE NO ACTION ON UPDATE NO ACTION;

--
-- Filtros para la tabla `usuarios_perfiles`
--
ALTER TABLE `usuarios_perfiles`
  ADD CONSTRAINT `usuarios_perfiles_ibfk_1` FOREIGN KEY (`usuario_id`) REFERENCES `usuarios` (`usuario_id`) ON DELETE NO ACTION ON UPDATE NO ACTION,
  ADD CONSTRAINT `usuarios_perfiles_ibfk_2` FOREIGN KEY (`perfil_id`) REFERENCES `perfiles` (`perfil_id`) ON DELETE NO ACTION ON UPDATE NO ACTION;

--
-- Filtros para la tabla `valores_variantes`
--
ALTER TABLE `valores_variantes`
  ADD CONSTRAINT `valores_variantes_ibfk_1` FOREIGN KEY (`variante_id`) REFERENCES `variantes` (`variante_id`) ON DELETE CASCADE ON UPDATE CASCADE,
  ADD CONSTRAINT `valores_variantes_ibfk_2` FOREIGN KEY (`atributo_id`) REFERENCES `atributos` (`atributo_id`) ON DELETE CASCADE ON UPDATE CASCADE;

--
-- Filtros para la tabla `variantes`
--
ALTER TABLE `variantes`
  ADD CONSTRAINT `variantes_ibfk_1` FOREIGN KEY (`producto_id`) REFERENCES `productos` (`producto_id`) ON DELETE CASCADE ON UPDATE CASCADE,
  ADD CONSTRAINT `variantes_ibfk_2` FOREIGN KEY (`imagen_id`) REFERENCES `imagenes_productos` (`imagen_id`) ON DELETE SET NULL ON UPDATE CASCADE;

--
-- Filtros para la tabla `variantes_borrador`
--
ALTER TABLE `variantes_borrador`
  ADD CONSTRAINT `variantes_borrador_ibfk_1` FOREIGN KEY (`vb_pedido_id`) REFERENCES `pedidos` (`pedido_id`) ON DELETE CASCADE ON UPDATE CASCADE,
  ADD CONSTRAINT `variantes_borrador_ibfk_2` FOREIGN KEY (`vb_producto_id`) REFERENCES `productos` (`producto_id`) ON DELETE CASCADE ON UPDATE CASCADE;

--
-- Filtros para la tabla `ventas`
--
ALTER TABLE `ventas`
  ADD CONSTRAINT `ventas_ibfk_1` FOREIGN KEY (`cliente_id`) REFERENCES `clientes` (`cliente_id`) ON DELETE NO ACTION ON UPDATE CASCADE,
  ADD CONSTRAINT `ventas_ibfk_2` FOREIGN KEY (`cupon_id`) REFERENCES `cupones` (`cupon_id`) ON DELETE SET NULL ON UPDATE CASCADE;

--
-- Filtros para la tabla `ventas_detalle`
--
ALTER TABLE `ventas_detalle`
  ADD CONSTRAINT `ventas_detalle_ibfk_1` FOREIGN KEY (`venta_id`) REFERENCES `ventas` (`venta_id`) ON DELETE CASCADE ON UPDATE CASCADE,
  ADD CONSTRAINT `ventas_detalle_ibfk_2` FOREIGN KEY (`producto_id`) REFERENCES `productos` (`producto_id`) ON DELETE SET NULL ON UPDATE CASCADE,
  ADD CONSTRAINT `ventas_detalle_ibfk_3` FOREIGN KEY (`variante_id`) REFERENCES `variantes` (`variante_id`) ON DELETE SET NULL ON UPDATE CASCADE,
  ADD CONSTRAINT `ventas_detalle_ibfk_4` FOREIGN KEY (`combo_id`) REFERENCES `combos` (`combo_id`) ON DELETE SET NULL ON UPDATE CASCADE;
COMMIT;

/*!40101 SET CHARACTER_SET_CLIENT=@OLD_CHARACTER_SET_CLIENT */;
/*!40101 SET CHARACTER_SET_RESULTS=@OLD_CHARACTER_SET_RESULTS */;
/*!40101 SET COLLATION_CONNECTION=@OLD_COLLATION_CONNECTION */;
